OTU,Sample,Abundance,BarcodeSequence,LinkerPrimerSequence,RevBarcodeSequence,ReversePrimer,phinchID,DemuxReads,Treatment,zone,province,lat,lon,drought,plant,water_content,organic_matter,nitrogen,phosphorus,potassium,temp_soil,pH,Kingdom,Phylum,Class,Order,Family,Genus,Species
ASV8514,S9_1,13,S7,CTTGGTCATTTAGAGGAAGTAA,no_data,GCTGCGTTCTTCATCGATGC,S9_1,94083,no_data,five,Sakon Nakhon,17.73452778,103.5334167,one,Sugarcane,8.5581,1.5,1,1,1,39.5,7,Fungi,Ascomycota,Dothideomycetes,Pleosporales,Trematosphaeriaceae,Falciformispora,Falciformispora senegalensis
ASV8514,S7_1,6,S1,CTTGGTCATTTAGAGGAAGTAA,no_data,GCTGCGTTCTTCATCGATGC,S7_1,65442,no_data,five,Sakon Nakhon,17.81569444,103.5484722,one,Rubber tree,9.95,3.5,1,1,1,28.5,7,Fungi,Ascomycota,Dothideomycetes,Pleosporales,Trematosphaeriaceae,Falciformispora,Falciformispora senegalensis
ASV8514,S7_2,2,S2,CTTGGTCATTTAGAGGAAGTAA,no_data,GCTGCGTTCTTCATCGATGC,S7_2,72811,no_data,five,Sakon Nakhon,17.81569444,103.5484722,one,Rubber tree,9.7347,3.5,0,1,1,29.2,7,Fungi,Ascomycota,Dothideomycetes,Pleosporales,Trematosphaeriaceae,Falciformispora,Falciformispora senegalensis
ASV8514,S9_2,2,S8,CTTGGTCATTTAGAGGAAGTAA,no_data,GCTGCGTTCTTCATCGATGC,S9_2,74173,no_data,five,Sakon Nakhon,17.73452778,103.5334167,one,Sugarcane,11.1821,1.5,1,1,1,38.8,7,Fungi,Ascomycota,Dothideomycetes,Pleosporales,Trematosphaeriaceae,Falciformispora,Falciformispora senegalensis
ASV8514,S55_1,1,S107,CTTGGTCATTTAGAGGAAGTAA,no_data,GCTGCGTTCTTCATCGATGC,S55_1,63530,no_data,eight,Ubon Ratchathani,15.24625,105.4786944,one,Rubber tree,23.1868,3.5,0,1,0,27,5.4,Fungi,Ascomycota,Dothideomycetes,Pleosporales,Trematosphaeriaceae,Falciformispora,Falciformispora senegalensis
ASV8514,S55_2,1,S108,CTTGGTCATTTAGAGGAAGTAA,no_data,GCTGCGTTCTTCATCGATGC,S55_2,43097,no_data,eight,Ubon Ratchathani,15.24625,105.4786944,one,Rubber tree,22.00146,3.5,0,1,0,27.2,6.6,Fungi,Ascomycota,Dothideomycetes,Pleosporales,Trematosphaeriaceae,Falciformispora,Falciformispora senegalensis
ASV8514,S56_1,1,S110,CTTGGTCATTTAGAGGAAGTAA,no_data,GCTGCGTTCTTCATCGATGC,S56_1,83690,no_data,eight,Si Sa Ket,14.74536111,104.6811111,two,Cassava,18.074,2.5,1,1,0,27.3,5,Fungi,Ascomycota,Dothideomycetes,Pleosporales,Trematosphaeriaceae,Falciformispora,Falciformispora senegalensis
ASV8514,S56_2,1,S111,CTTGGTCATTTAGAGGAAGTAA,no_data,GCTGCGTTCTTCATCGATGC,S56_2,112138,no_data,eight,Si Sa Ket,14.74536111,104.6811111,two,Cassava,19.71873,2.5,1,1,0,27,6,Fungi,Ascomycota,Dothideomycetes,Pleosporales,Trematosphaeriaceae,Falciformispora,Falciformispora senegalensis
ASV8514,S57_2,1,S114,CTTGGTCATTTAGAGGAAGTAA,no_data,GCTGCGTTCTTCATCGATGC,S57_2,67356,no_data,eight,Surin,14.86597222,103.5259167,three,Rice,29.54619,2.5,2,2,0,27.9,6.4,Fungi,Ascomycota,Dothideomycetes,Pleosporales,Trematosphaeriaceae,Falciformispora,Falciformispora senegalensis
